Product Name,Product Code,Quantity,Price
Clarinet,19,5,106.74
Trumpet,60,20,145.37
Mandolin,37,17,778.64
Maraca,31,10,130.66
Sax,72,10,73.76
Tuner,34,9,323.61
Balalaika,66,12,544.88
Amplifier,70,18,820.19
Drum kit,9,18,873.57
Kazoo,69,17,720.05
Koto,77,3,547.68
Hang,42,0,472.68
Violin,40,6,680.83
Zither,30,11,175.19
Glockenspiel,26,15,805.46
Udu drum,79,9,852.79
Viola,75,19,286.9
French horn,48,13,171.57
Shamisen,47,18,901.26
Ukulele,54,17,333.99
Guitar Strings,55,6,657.18
Flute,2,1,841.23
Kalimba,80,7,300.15
Pedal,39,8,649.81
Piano,58,3,262.2
Didgeridoo,45,11,885.73
Jaw harp,8,12,928.49
Pan flute,43,20,133.08
Mellotron,32,4,470.23
Steel drum,57,9,506.51
Tambourine,10,0,319.32
Bongo,15,12,853.36
Ocarina,74,8,532.42
Marimba,0,5,572.46
Castanets,52,0,355.99
Tabla,11,10,327.44
Vibraphone,53,2,643.0
Guitar,65,6,764.71
Harp,73,19,314.8
Sitar,33,7,623.86
Harmonica,63,7,450.43
Keyboard,6,19,39.03
Tamboura,56,14,705.46
Pick,5,2,427.73
Saxophone,61,3,823.6
Trombone,59,20,912.69
Dulcimer,71,4,219.1
Concertina,28,9,51.15
Accordion,12,12,637.47
Drum,7,0,666.14
Bamboo flute,23,9,757.0
Hurdy-gurdy,35,16,603.03
Eletric Guitar,49,0,547.47
Theremin,62,1,628.63
Bassoon,78,19,645.33
Triangle,17,15,592.15
Bass drum,50,8,124.98
Bagpipes,68,12,237.32
Handpan,29,19,916.04
Accordion,81,1,641.67
Oboe,1,5,921.89
Acoustic Guitar Strings,3,4,186.76
Cowbell,20,1,479.67
Violin Strings,64,4,245.13
Sitar,18,2,483.03
Conga,25,4,410.61
Steel pan,16,10,903.48
Pandero,4,1,791.78
PedalBoard,27,5,714.66
Banjo,14,3,959.62
Pandeiro,46,4,379.68
Piano Strings,13,17,924.73
Bouzouki,24,17,27.98
Cable P10,36,19,225.79
Ukulele Strings,22,11,851.06
Djembe,21,6,107.24
Cello,67,13,524.78
Harpsichord,44,19,926.25
Sousaphone,51,4,905.21
Xylophone,41,7,210.61
Bassoon,76,0,483.77
Flute,38,0,141.38
